1_0.png;1
1_1.png;1
1_2.png;1
1_3.png;1
1_4.png;1
1_5.png;1
1_6.png;1
1_7.png;1
1_8.png;1
1_9.png;1
1_10.png;1
1_11.png;1
1_12.png;1
1_13.png;1
1_14.png;1
1_15.png;1
1_16.png;1
1_17.png;1
1_18.png;1
1_19.png;1
1_20.png;1
1_21.png;1
1_22.png;1
1_23.png;1
1_24.png;1
2_0.png;2
2_1.png;2
2_2.png;2
2_3.png;2
2_4.png;2
2_5.png;2
2_6.png;2
2_7.png;2
2_8.png;2
2_9.png;2
2_10.png;2
2_11.png;2
2_12.png;2
2_13.png;2
2_14.png;2
2_15.png;2
2_16.png;2
2_17.png;2
2_18.png;2
2_19.png;2
2_20.png;2
2_21.png;2
2_22.png;2
2_23.png;2
2_24.png;2
3_0.png;3
3_1.png;3
3_2.png;3
3_3.png;3
3_4.png;3
3_5.png;3
3_6.png;3
3_7.png;3
3_8.png;3
3_9.png;3
3_10.png;3
3_11.png;3
3_12.png;3
3_13.png;3
3_14.png;3
3_15.png;3
3_16.png;3
3_17.png;3
3_18.png;3
3_19.png;3
3_20.png;3
3_21.png;3
3_22.png;3
3_23.png;3
3_24.png;3
4_0.png;4
4_1.png;4
4_2.png;4
4_3.png;4
4_4.png;4
4_5.png;4
4_6.png;4
4_7.png;4
4_8.png;4
4_9.png;4
4_10.png;4
4_11.png;4
4_12.png;4
4_13.png;4
4_14.png;4
4_15.png;4
4_16.png;4
4_17.png;4
4_18.png;4
4_19.png;4
4_20.png;4
4_21.png;4
4_22.png;4
4_23.png;4
4_24.png;4
5_0.png;5
5_1.png;5
5_2.png;5
5_3.png;5
5_4.png;5
5_5.png;5
5_6.png;5
5_7.png;5
5_8.png;5
5_9.png;5
5_10.png;5
5_11.png;5
5_12.png;5
5_13.png;5
5_14.png;5
5_15.png;5
5_16.png;5
5_17.png;5
5_18.png;5
5_19.png;5
5_20.png;5
5_21.png;5
5_22.png;5
5_23.png;5
5_24.png;5
6_0.png;6
6_1.png;6
6_2.png;6
6_3.png;6
6_4.png;6
6_5.png;6
6_6.png;6
6_7.png;6
6_8.png;6
6_9.png;6
6_10.png;6
6_11.png;6
6_12.png;6
6_13.png;6
6_14.png;6
6_15.png;6
6_16.png;6
6_17.png;6
6_18.png;6
6_19.png;6
6_20.png;6
6_21.png;6
6_22.png;6
6_23.png;6
6_24.png;6
7_0.png;7
7_1.png;7
7_2.png;7
7_3.png;7
7_4.png;7
7_5.png;7
7_6.png;7
7_7.png;7
7_8.png;7
7_9.png;7
7_10.png;7
7_11.png;7
7_12.png;7
7_13.png;7
7_14.png;7
7_15.png;7
7_16.png;7
7_17.png;7
7_18.png;7
7_19.png;7
7_20.png;7
7_21.png;7
7_22.png;7
7_23.png;7
7_24.png;7
8_0.png;8
8_1.png;8
8_2.png;8
8_3.png;8
8_4.png;8
8_5.png;8
8_6.png;8
8_7.png;8
8_8.png;8
8_9.png;8
8_10.png;8
8_11.png;8
8_12.png;8
8_13.png;8
8_14.png;8
8_15.png;8
8_16.png;8
8_17.png;8
8_18.png;8
8_19.png;8
8_20.png;8
8_21.png;8
8_22.png;8
8_23.png;8
8_24.png;8
9_0.png;9
9_1.png;9
9_2.png;9
9_3.png;9
9_4.png;9
9_5.png;9
9_6.png;9
9_7.png;9
9_8.png;9
9_9.png;9
9_10.png;9
9_11.png;9
9_12.png;9
9_13.png;9
9_14.png;9
9_15.png;9
9_16.png;9
9_17.png;9
9_18.png;9
9_19.png;9
9_20.png;9
9_21.png;9
9_22.png;9
9_23.png;9
9_24.png;9
10_0.png;10
10_1.png;10
10_2.png;10
10_3.png;10
10_4.png;10
10_5.png;10
10_6.png;10
10_7.png;10
10_8.png;10
10_9.png;10
10_10.png;10
10_11.png;10
10_12.png;10
10_13.png;10
10_14.png;10
10_15.png;10
10_16.png;10
10_17.png;10
10_18.png;10
10_19.png;10
10_20.png;10
10_21.png;10
10_22.png;10
10_23.png;10
10_24.png;10
11_0.png;11
11_1.png;11
11_2.png;11
11_3.png;11
11_4.png;11
11_5.png;11
11_6.png;11
11_7.png;11
11_8.png;11
11_9.png;11
11_10.png;11
11_11.png;11
11_12.png;11
11_13.png;11
11_14.png;11
11_15.png;11
11_16.png;11
11_17.png;11
11_18.png;11
11_19.png;11
11_20.png;11
11_21.png;11
11_22.png;11
11_23.png;11
11_24.png;11
12_0.png;12
12_1.png;12
12_2.png;12
12_3.png;12
12_4.png;12
12_5.png;12
12_6.png;12
12_7.png;12
12_8.png;12
12_9.png;12
12_10.png;12
12_11.png;12
12_12.png;12
12_13.png;12
12_14.png;12
12_15.png;12
12_16.png;12
12_17.png;12
12_18.png;12
12_19.png;12
12_20.png;12
12_21.png;12
12_22.png;12
12_23.png;12
12_24.png;12
13_0.png;13
13_1.png;13
13_2.png;13
13_3.png;13
13_4.png;13
13_5.png;13
13_6.png;13
13_7.png;13
13_8.png;13
13_9.png;13
13_10.png;13
13_11.png;13
13_12.png;13
13_13.png;13
13_14.png;13
13_15.png;13
13_16.png;13
13_17.png;13
13_18.png;13
13_19.png;13
13_20.png;13
13_21.png;13
13_22.png;13
13_23.png;13
13_24.png;13
14_0.png;14
14_1.png;14
14_2.png;14
14_3.png;14
14_4.png;14
14_5.png;14
14_6.png;14
14_7.png;14
14_8.png;14
14_9.png;14
14_10.png;14
14_11.png;14
14_12.png;14
14_13.png;14
14_14.png;14
14_15.png;14
14_16.png;14
14_17.png;14
14_18.png;14
14_19.png;14
14_20.png;14
14_21.png;14
14_22.png;14
14_23.png;14
14_24.png;14
15_0.png;15
15_1.png;15
15_2.png;15
15_3.png;15
15_4.png;15
15_5.png;15
15_6.png;15
15_7.png;15
15_8.png;15
15_9.png;15
15_10.png;15
15_11.png;15
15_12.png;15
15_13.png;15
15_14.png;15
15_15.png;15
15_16.png;15
15_17.png;15
15_18.png;15
15_19.png;15
15_20.png;15
15_21.png;15
15_22.png;15
15_23.png;15
15_24.png;15
16_0.png;16
16_1.png;16
16_2.png;16
16_3.png;16
16_4.png;16
16_5.png;16
16_6.png;16
16_7.png;16
16_8.png;16
16_9.png;16
16_10.png;16
16_11.png;16
16_12.png;16
16_13.png;16
16_14.png;16
16_15.png;16
16_16.png;16
16_17.png;16
16_18.png;16
16_19.png;16
16_20.png;16
16_21.png;16
16_22.png;16
16_23.png;16
16_24.png;16
17_0.png;17
17_1.png;17
17_2.png;17
17_3.png;17
17_4.png;17
17_5.png;17
17_6.png;17
17_7.png;17
17_8.png;17
17_9.png;17
17_10.png;17
17_11.png;17
17_12.png;17
17_13.png;17
17_14.png;17
17_15.png;17
17_16.png;17
17_17.png;17
17_18.png;17
17_19.png;17
17_20.png;17
17_21.png;17
17_22.png;17
17_23.png;17
17_24.png;17
18_0.png;18
18_1.png;18
18_2.png;18
18_3.png;18
18_4.png;18
18_5.png;18
18_6.png;18
18_7.png;18
18_8.png;18
18_9.png;18
18_10.png;18
18_11.png;18
18_12.png;18
18_13.png;18
18_14.png;18
18_15.png;18
18_16.png;18
18_17.png;18
18_18.png;18
18_19.png;18
18_20.png;18
18_21.png;18
18_22.png;18
18_23.png;18
18_24.png;18
19_0.png;19
19_1.png;19
19_2.png;19
19_3.png;19
19_4.png;19
19_5.png;19
19_6.png;19
19_7.png;19
19_8.png;19
19_9.png;19
19_10.png;19
19_11.png;19
19_12.png;19
19_13.png;19
19_14.png;19
19_15.png;19
19_16.png;19
19_17.png;19
19_18.png;19
19_19.png;19
19_20.png;19
19_21.png;19
19_22.png;19
19_23.png;19
19_24.png;19
20_0.png;20
20_1.png;20
20_2.png;20
20_3.png;20
20_4.png;20
20_5.png;20
20_6.png;20
20_7.png;20
20_8.png;20
20_9.png;20
20_10.png;20
20_11.png;20
20_12.png;20
20_13.png;20
20_14.png;20
20_15.png;20
20_16.png;20
20_17.png;20
20_18.png;20
20_19.png;20
20_20.png;20
20_21.png;20
20_22.png;20
20_23.png;20
20_24.png;20
21_0.png;21
21_1.png;21
21_2.png;21
21_3.png;21
21_4.png;21
21_5.png;21
21_6.png;21
21_7.png;21
21_8.png;21
21_9.png;21
21_10.png;21
21_11.png;21
21_12.png;21
21_13.png;21
21_14.png;21
21_15.png;21
21_16.png;21
21_17.png;21
21_18.png;21
21_19.png;21
21_20.png;21
21_21.png;21
21_22.png;21
21_23.png;21
21_24.png;21
22_0.png;22
22_1.png;22
22_2.png;22
22_3.png;22
22_4.png;22
22_5.png;22
22_6.png;22
22_7.png;22
22_8.png;22
22_9.png;22
22_10.png;22
22_11.png;22
22_12.png;22
22_13.png;22
22_14.png;22
22_15.png;22
22_16.png;22
22_17.png;22
22_18.png;22
22_19.png;22
22_20.png;22
22_21.png;22
22_22.png;22
22_23.png;22
22_24.png;22
23_0.png;23
23_1.png;23
23_2.png;23
23_3.png;23
23_4.png;23
23_5.png;23
23_6.png;23
23_7.png;23
23_8.png;23
23_9.png;23
23_10.png;23
23_11.png;23
23_12.png;23
23_13.png;23
23_14.png;23
23_15.png;23
23_16.png;23
23_17.png;23
23_18.png;23
23_19.png;23
23_20.png;23
23_21.png;23
23_22.png;23
23_23.png;23
23_24.png;23
24_0.png;24
24_1.png;24
24_2.png;24
24_3.png;24
24_4.png;24
24_5.png;24
24_6.png;24
24_7.png;24
24_8.png;24
24_9.png;24
24_10.png;24
24_11.png;24
24_12.png;24
24_13.png;24
24_14.png;24
24_15.png;24
24_16.png;24
24_17.png;24
24_18.png;24
24_19.png;24
24_20.png;24
24_21.png;24
24_22.png;24
24_23.png;24
24_24.png;24
25_0.png;25
25_1.png;25
25_2.png;25
25_3.png;25
25_4.png;25
25_5.png;25
25_6.png;25
25_7.png;25
25_8.png;25
25_9.png;25
25_10.png;25
25_11.png;25
25_12.png;25
25_13.png;25
25_14.png;25
25_15.png;25
25_16.png;25
25_17.png;25
25_18.png;25
25_19.png;25
25_20.png;25
25_21.png;25
25_22.png;25
25_23.png;25
25_24.png;25
26_0.png;26
26_1.png;26
26_2.png;26
26_3.png;26
26_4.png;26
26_5.png;26
26_6.png;26
26_7.png;26
26_8.png;26
26_9.png;26
26_10.png;26
26_11.png;26
26_12.png;26
26_13.png;26
26_14.png;26
26_15.png;26
26_16.png;26
26_17.png;26
26_18.png;26
26_19.png;26
26_20.png;26
26_21.png;26
26_22.png;26
26_23.png;26
26_24.png;26
27_0.png;27
27_1.png;27
27_2.png;27
27_3.png;27
27_4.png;27
27_5.png;27
27_6.png;27
27_7.png;27
27_8.png;27
27_9.png;27
27_10.png;27
27_11.png;27
27_12.png;27
27_13.png;27
27_14.png;27
27_15.png;27
27_16.png;27
27_17.png;27
27_18.png;27
27_19.png;27
27_20.png;27
27_21.png;27
27_22.png;27
27_23.png;27
27_24.png;27
28_0.png;28
28_1.png;28
28_2.png;28
28_3.png;28
28_4.png;28
28_5.png;28
28_6.png;28
28_7.png;28
28_8.png;28
28_9.png;28
28_10.png;28
28_11.png;28
28_12.png;28
28_13.png;28
28_14.png;28
28_15.png;28
28_16.png;28
28_17.png;28
28_18.png;28
28_19.png;28
28_20.png;28
28_21.png;28
28_22.png;28
28_23.png;28
28_24.png;28
29_0.png;29
29_1.png;29
29_2.png;29
29_3.png;29
29_4.png;29
29_5.png;29
29_6.png;29
29_7.png;29
29_8.png;29
29_9.png;29
29_10.png;29
29_11.png;29
29_12.png;29
29_13.png;29
29_14.png;29
29_15.png;29
29_16.png;29
29_17.png;29
29_18.png;29
29_19.png;29
29_20.png;29
29_21.png;29
29_22.png;29
29_23.png;29
29_24.png;29
30_0.png;30
30_1.png;30
30_2.png;30
30_3.png;30
30_4.png;30
30_5.png;30
30_6.png;30
30_7.png;30
30_8.png;30
30_9.png;30
30_10.png;30
30_11.png;30
30_12.png;30
30_13.png;30
30_14.png;30
30_15.png;30
30_16.png;30
30_17.png;30
30_18.png;30
30_19.png;30
30_20.png;30
30_21.png;30
30_22.png;30
30_23.png;30
30_24.png;30
31_0.png;31
31_1.png;31
31_2.png;31
31_3.png;31
31_4.png;31
31_5.png;31
31_6.png;31
31_7.png;31
31_8.png;31
31_9.png;31
31_10.png;31
31_11.png;31
31_12.png;31
31_13.png;31
31_14.png;31
31_15.png;31
31_16.png;31
31_17.png;31
31_18.png;31
31_19.png;31
31_20.png;31
31_21.png;31
31_22.png;31
31_23.png;31
31_24.png;31
32_0.png;32
32_1.png;32
32_2.png;32
32_3.png;32
32_4.png;32
32_5.png;32
32_6.png;32
32_7.png;32
32_8.png;32
32_9.png;32
32_10.png;32
32_11.png;32
32_12.png;32
32_13.png;32
32_14.png;32
32_15.png;32
32_16.png;32
32_17.png;32
32_18.png;32
32_19.png;32
32_20.png;32
32_21.png;32
32_22.png;32
32_23.png;32
32_24.png;32
33_0.png;33
33_1.png;33
33_2.png;33
33_3.png;33
33_4.png;33
33_5.png;33
33_6.png;33
33_7.png;33
33_8.png;33
33_9.png;33
33_10.png;33
33_11.png;33
33_12.png;33
33_13.png;33
33_14.png;33
33_15.png;33
33_16.png;33
33_17.png;33
33_18.png;33
33_19.png;33
33_20.png;33
33_21.png;33
33_22.png;33
33_23.png;33
33_24.png;33
34_0.png;34
34_1.png;34
34_2.png;34
34_3.png;34
34_4.png;34
34_5.png;34
34_6.png;34
34_7.png;34
34_8.png;34
34_9.png;34
34_10.png;34
34_11.png;34
34_12.png;34
34_13.png;34
34_14.png;34
34_15.png;34
34_16.png;34
34_17.png;34
34_18.png;34
34_19.png;34
34_20.png;34
34_21.png;34
34_22.png;34
34_23.png;34
34_24.png;34
35_0.png;35
35_1.png;35
35_2.png;35
35_3.png;35
35_4.png;35
35_5.png;35
35_6.png;35
35_7.png;35
35_8.png;35
35_9.png;35
35_10.png;35
35_11.png;35
35_12.png;35
35_13.png;35
35_14.png;35
35_15.png;35
35_16.png;35
35_17.png;35
35_18.png;35
35_19.png;35
35_20.png;35
35_21.png;35
35_22.png;35
35_23.png;35
35_24.png;35
36_0.png;36
36_1.png;36
36_2.png;36
36_3.png;36
36_4.png;36
36_5.png;36
36_6.png;36
36_7.png;36
36_8.png;36
36_9.png;36
36_10.png;36
36_11.png;36
36_12.png;36
36_13.png;36
36_14.png;36
36_15.png;36
36_16.png;36
36_17.png;36
36_18.png;36
36_19.png;36
36_20.png;36
36_21.png;36
36_22.png;36
36_23.png;36
36_24.png;36
37_0.png;37
37_1.png;37
37_2.png;37
37_3.png;37
37_4.png;37
37_5.png;37
37_6.png;37
37_7.png;37
37_8.png;37
37_9.png;37
37_10.png;37
37_11.png;37
37_12.png;37
37_13.png;37
37_14.png;37
37_15.png;37
37_16.png;37
37_17.png;37
37_18.png;37
37_19.png;37
37_20.png;37
37_21.png;37
37_22.png;37
37_23.png;37
37_24.png;37
38_0.png;38
38_1.png;38
38_2.png;38
38_3.png;38
38_4.png;38
38_5.png;38
38_6.png;38
38_7.png;38
38_8.png;38
38_9.png;38
38_10.png;38
38_11.png;38
38_12.png;38
38_13.png;38
38_14.png;38
38_15.png;38
38_16.png;38
38_17.png;38
38_18.png;38
38_19.png;38
38_20.png;38
38_21.png;38
38_22.png;38
38_23.png;38
38_24.png;38
39_0.png;39
39_1.png;39
39_2.png;39
39_3.png;39
39_4.png;39
39_5.png;39
39_6.png;39
39_7.png;39
39_8.png;39
39_9.png;39
39_10.png;39
39_11.png;39
39_12.png;39
39_13.png;39
39_14.png;39
39_15.png;39
39_16.png;39
39_17.png;39
39_18.png;39
39_19.png;39
39_20.png;39
39_21.png;39
39_22.png;39
39_23.png;39
39_24.png;39
40_0.png;40
40_1.png;40
40_2.png;40
40_3.png;40
40_4.png;40
40_5.png;40
40_6.png;40
40_7.png;40
40_8.png;40
40_9.png;40
40_10.png;40
40_11.png;40
40_12.png;40
40_13.png;40
40_14.png;40
40_15.png;40
40_16.png;40
40_17.png;40
40_18.png;40
40_19.png;40
40_20.png;40
40_21.png;40
40_22.png;40
40_23.png;40
40_24.png;40
41_0.png;41
41_1.png;41
41_2.png;41
41_3.png;41
41_4.png;41
41_5.png;41
41_6.png;41
41_7.png;41
41_8.png;41
41_9.png;41
41_10.png;41
41_11.png;41
41_12.png;41
41_13.png;41
41_14.png;41
41_15.png;41
41_16.png;41
41_17.png;41
41_18.png;41
41_19.png;41
41_20.png;41
41_21.png;41
41_22.png;41
41_23.png;41
41_24.png;41
42_0.png;42
42_1.png;42
42_2.png;42
42_3.png;42
42_4.png;42
42_5.png;42
42_6.png;42
42_7.png;42
42_8.png;42
42_9.png;42
42_10.png;42
42_11.png;42
42_12.png;42
42_13.png;42
42_14.png;42
42_15.png;42
42_16.png;42
42_17.png;42
42_18.png;42
42_19.png;42
42_20.png;42
42_21.png;42
42_22.png;42
42_23.png;42
42_24.png;42
43_0.png;43
43_1.png;43
43_2.png;43
43_3.png;43
43_4.png;43
43_5.png;43
43_6.png;43
43_7.png;43
43_8.png;43
43_9.png;43
43_10.png;43
43_11.png;43
43_12.png;43
43_13.png;43
43_14.png;43
43_15.png;43
43_16.png;43
43_17.png;43
43_18.png;43
43_19.png;43
43_20.png;43
43_21.png;43
43_22.png;43
43_23.png;43
43_24.png;43
44_0.png;44
44_1.png;44
44_2.png;44
44_3.png;44
44_4.png;44
44_5.png;44
44_6.png;44
44_7.png;44
44_8.png;44
44_9.png;44
44_10.png;44
44_11.png;44
44_12.png;44
44_13.png;44
44_14.png;44
44_15.png;44
44_16.png;44
44_17.png;44
44_18.png;44
44_19.png;44
44_20.png;44
44_21.png;44
44_22.png;44
44_23.png;44
44_24.png;44
45_0.png;45
45_1.png;45
45_2.png;45
45_3.png;45
45_4.png;45
45_5.png;45
45_6.png;45
45_7.png;45
45_8.png;45
45_9.png;45
45_10.png;45
45_11.png;45
45_12.png;45
45_13.png;45
45_14.png;45
45_15.png;45
45_16.png;45
45_17.png;45
45_18.png;45
45_19.png;45
45_20.png;45
45_21.png;45
45_22.png;45
45_23.png;45
45_24.png;45
46_0.png;46
46_1.png;46
46_2.png;46
46_3.png;46
46_4.png;46
46_5.png;46
46_6.png;46
46_7.png;46
46_8.png;46
46_9.png;46
46_10.png;46
46_11.png;46
46_12.png;46
46_13.png;46
46_14.png;46
46_15.png;46
46_16.png;46
46_17.png;46
46_18.png;46
46_19.png;46
46_20.png;46
46_21.png;46
46_22.png;46
46_23.png;46
46_24.png;46
47_0.png;47
47_1.png;47
47_2.png;47
47_3.png;47
47_4.png;47
47_5.png;47
47_6.png;47
47_7.png;47
47_8.png;47
47_9.png;47
47_10.png;47
47_11.png;47
47_12.png;47
47_13.png;47
47_14.png;47
47_15.png;47
47_16.png;47
47_17.png;47
47_18.png;47
47_19.png;47
47_20.png;47
47_21.png;47
47_22.png;47
47_23.png;47
47_24.png;47
48_0.png;48
48_1.png;48
48_2.png;48
48_3.png;48
48_4.png;48
48_5.png;48
48_6.png;48
48_7.png;48
48_8.png;48
48_9.png;48
48_10.png;48
48_11.png;48
48_12.png;48
48_13.png;48
48_14.png;48
48_15.png;48
48_16.png;48
48_17.png;48
48_18.png;48
48_19.png;48
48_20.png;48
48_21.png;48
48_22.png;48
48_23.png;48
48_24.png;48
49_0.png;49
49_1.png;49
49_2.png;49
49_3.png;49
49_4.png;49
49_5.png;49
49_6.png;49
49_7.png;49
49_8.png;49
49_9.png;49
49_10.png;49
49_11.png;49
49_12.png;49
49_13.png;49
49_14.png;49
49_15.png;49
49_16.png;49
49_17.png;49
49_18.png;49
49_19.png;49
49_20.png;49
49_21.png;49
49_22.png;49
49_23.png;49
49_24.png;49
50_0.png;50
50_1.png;50
50_2.png;50
50_3.png;50
50_4.png;50
50_5.png;50
50_6.png;50
50_7.png;50
50_8.png;50
50_9.png;50
50_10.png;50
50_11.png;50
50_12.png;50
50_13.png;50
50_14.png;50
50_15.png;50
50_16.png;50
50_17.png;50
50_18.png;50
50_19.png;50
50_20.png;50
50_21.png;50
50_22.png;50
50_23.png;50
50_24.png;50
51_0.png;51
51_1.png;51
51_2.png;51
51_3.png;51
51_4.png;51
51_5.png;51
51_6.png;51
51_7.png;51
51_8.png;51
51_9.png;51
51_10.png;51
51_11.png;51
51_12.png;51
51_13.png;51
51_14.png;51
51_15.png;51
51_16.png;51
51_17.png;51
51_18.png;51
51_19.png;51
51_20.png;51
51_21.png;51
51_22.png;51
51_23.png;51
51_24.png;51
52_0.png;52
52_1.png;52
52_2.png;52
52_3.png;52
52_4.png;52
52_5.png;52
52_6.png;52
52_7.png;52
52_8.png;52
52_9.png;52
52_10.png;52
52_11.png;52
52_12.png;52
52_13.png;52
52_14.png;52
52_15.png;52
52_16.png;52
52_17.png;52
52_18.png;52
52_19.png;52
52_20.png;52
52_21.png;52
52_22.png;52
52_23.png;52
52_24.png;52
